{"cameraMode":{"drawMode":0,"name":"Shaded","section":"Shading Mode"},"sceneLighting":false,"audioPlay":false,"sceneViewState":{"showFog":true,"showMaterialUpdate":false,"showSkybox":true,"showFlares":true,"showImageEffects":true,"showParticleSystems":true},"in2DMode":false,"pivot":{"x":0.00022983551025390625,"y":0.22475466132164002,"z":0.003630891442298889},"rotation":{"x":0.0007280598510988057,"y":0.9932823777198792,"z":-0.11554871499538422,"w":0.006258651148527861},"size":0.9442481398582459,"orthographic":false}