{"cameraMode":{"drawMode":0,"name":"Shaded","section":"Shading Mode"},"sceneLighting":false,"audioPlay":false,"sceneViewState":{"showFog":true,"showMaterialUpdate":false,"showSkybox":true,"showFlares":true,"showImageEffects":true,"showParticleSystems":true},"in2DMode":false,"pivot":{"x":0.023508843034505845,"y":0.28540629148483279,"z":-0.14249712228775025},"rotation":{"x":0.0007280598510988057,"y":0.9932823777198792,"z":-0.11554871499538422,"w":0.006258651148527861},"size":1.0993103981018067,"orthographic":false}