{"cameraMode":{"drawMode":0,"name":"Shaded","section":"Shading Mode"},"sceneLighting":false,"audioPlay":false,"sceneViewState":{"showFog":true,"showMaterialUpdate":false,"showSkybox":true,"showFlares":true,"showImageEffects":true,"showParticleSystems":true},"in2DMode":false,"pivot":{"x":0.024625422433018686,"y":0.19579246640205384,"z":0.4733617305755615},"rotation":{"x":0.00038349477108567953,"y":0.977017879486084,"z":-0.21316127479076386,"w":0.001759559498168528},"size":0.6129590272903442,"orthographic":false}