{"cameraMode":{"drawMode":0,"name":"Shaded","section":"Shading Mode"},"sceneLighting":false,"audioPlay":false,"sceneViewState":{"showFog":true,"showMaterialUpdate":false,"showSkybox":true,"showFlares":true,"showImageEffects":true,"showParticleSystems":true},"in2DMode":false,"pivot":{"x":10.329442024230957,"y":0.28055572509765627,"z":10.639203071594239},"rotation":{"x":-0.5094150304794312,"y":0.49020272493362429,"z":-0.5137145519256592,"w":-0.48610720038414},"size":24.710901260375978,"orthographic":false}