{"cameraMode":{"drawMode":0,"name":"Shaded","section":"Shading Mode"},"sceneLighting":false,"audioPlay":false,"sceneViewState":{"showFog":true,"showMaterialUpdate":false,"showSkybox":true,"showFlares":true,"showImageEffects":true,"showParticleSystems":true},"in2DMode":false,"pivot":{"x":0.0626649335026741,"y":0.020563960075378419,"z":0.10302865505218506},"rotation":{"x":-0.0006578961038030684,"y":-0.9856129884719849,"z":0.16899341344833375,"w":-0.0038368243258446457},"size":2.1252565383911135,"orthographic":false}