{"cameraMode":{"drawMode":0,"name":"Shaded","section":"Shading Mode"},"sceneLighting":false,"audioPlay":false,"sceneViewState":{"showFog":true,"showMaterialUpdate":false,"showSkybox":true,"showFlares":true,"showImageEffects":true,"showParticleSystems":true},"in2DMode":false,"pivot":{"x":-0.028101854026317598,"y":0.04009702801704407,"z":0.005317628383636475},"rotation":{"x":0.013035476207733155,"y":-0.9869515299797058,"z":0.11631237715482712,"w":0.11061052232980728},"size":1.513933539390564,"orthographic":false}