{"cameraMode":{"drawMode":0,"name":"Shaded","section":"Shading Mode"},"sceneLighting":false,"audioPlay":false,"sceneViewState":{"showFog":true,"showMaterialUpdate":false,"showSkybox":true,"showFlares":true,"showImageEffects":true,"showParticleSystems":true},"in2DMode":false,"pivot":{"x":0.9512479305267334,"y":-0.11802583932876587,"z":-1.5131161212921143},"rotation":{"x":-0.0799056738615036,"y":-0.4882097840309143,"z":0.04494960978627205,"w":-0.8679001927375794},"size":5.1557936668396,"orthographic":false}