{"cameraMode":{"drawMode":0,"name":"Shaded","section":"Shading Mode"},"sceneLighting":false,"audioPlay":false,"sceneViewState":{"showFog":true,"showMaterialUpdate":false,"showSkybox":true,"showFlares":true,"showImageEffects":true,"showParticleSystems":true},"in2DMode":false,"pivot":{"x":-0.02638465166091919,"y":0.03798326104879379,"z":0.006654113531112671},"rotation":{"x":-0.7189513444900513,"y":-0.09921315312385559,"z":0.1049150675535202,"w":-0.6798980236053467},"size":1.5188430547714234,"orthographic":false}