{"cameraMode":{"drawMode":0,"name":"Shaded","section":"Shading Mode"},"sceneLighting":false,"audioPlay":false,"sceneViewState":{"showFog":true,"showMaterialUpdate":false,"showSkybox":true,"showFlares":true,"showImageEffects":true,"showParticleSystems":true},"in2DMode":false,"pivot":{"x":-0.13190364837646485,"y":-1.0432586669921876,"z":2.26373291015625},"rotation":{"x":-0.22793245315551759,"y":-0.1506035327911377,"z":0.035710323601961139,"w":-0.9612982273101807},"size":6.233453273773193,"orthographic":false}