{"cameraMode":{"drawMode":0,"name":"Shaded","section":"Shading Mode"},"sceneLighting":false,"audioPlay":false,"sceneViewState":{"showFog":true,"showMaterialUpdate":false,"showSkybox":true,"showFlares":true,"showImageEffects":true,"showParticleSystems":true},"in2DMode":false,"pivot":{"x":-0.8589423894882202,"y":0.27321934700012209,"z":0.6617588400840759},"rotation":{"x":-0.5867990851402283,"y":-0.3701240122318268,"z":0.34295350313186648,"w":-0.6332945227622986},"size":2.3086588382720949,"orthographic":false}