{"cameraMode":{"drawMode":0,"name":"Shaded","section":"Shading Mode"},"sceneLighting":false,"audioPlay":false,"sceneViewState":{"showFog":true,"showMaterialUpdate":false,"showSkybox":true,"showFlares":true,"showImageEffects":true,"showParticleSystems":true},"in2DMode":false,"pivot":{"x":0.20848610997200013,"y":0.3095918893814087,"z":0.6983324289321899},"rotation":{"x":0.013035476207733155,"y":-0.9869515299797058,"z":0.11631237715482712,"w":0.11061052232980728},"size":0.3369470238685608,"orthographic":false}